metal/metal1.jpg	metal
metal/metal10.jpg	metal
metal/metal100.jpg	metal
metal/metal101.jpg	metal
metal/metal102.jpg	metal
metal/metal103.jpg	metal
metal/metal104.jpg	metal
metal/metal105.jpg	metal
metal/metal106.jpg	metal
metal/metal107.jpg	metal
metal/metal108.jpg	metal
metal/metal109.jpg	metal
metal/metal11.jpg	metal
metal/metal110.jpg	metal
metal/metal111.jpg	metal
metal/metal112.jpg	metal
metal/metal113.jpg	metal
metal/metal114.jpg	metal
metal/metal115.jpg	metal
metal/metal116.jpg	metal
metal/metal117.jpg	metal
metal/metal118.jpg	metal
metal/metal119.jpg	metal
metal/metal12.jpg	metal
metal/metal120.jpg	metal
metal/metal121.jpg	metal
metal/metal122.jpg	metal
metal/metal123.jpg	metal
metal/metal124.jpg	metal
metal/metal125.jpg	metal
metal/metal126.jpg	metal
metal/metal127.jpg	metal
metal/metal128.jpg	metal
metal/metal129.jpg	metal
metal/metal13.jpg	metal
metal/metal130.jpg	metal
metal/metal131.jpg	metal
metal/metal132.jpg	metal
metal/metal133.jpg	metal
metal/metal134.jpg	metal
metal/metal135.jpg	metal
metal/metal136.jpg	metal
metal/metal137.jpg	metal
metal/metal138.jpg	metal
metal/metal139.jpg	metal
metal/metal14.jpg	metal
metal/metal140.jpg	metal
metal/metal141.jpg	metal
metal/metal142.jpg	metal
metal/metal143.jpg	metal
metal/metal144.jpg	metal
metal/metal145.jpg	metal
metal/metal146.jpg	metal
metal/metal147.jpg	metal
metal/metal148.jpg	metal
metal/metal149.jpg	metal
metal/metal15.jpg	metal
metal/metal150.jpg	metal
metal/metal151.jpg	metal
metal/metal152.jpg	metal
metal/metal153.jpg	metal
metal/metal154.jpg	metal
metal/metal155.jpg	metal
metal/metal156.jpg	metal
metal/metal157.jpg	metal
metal/metal158.jpg	metal
metal/metal159.jpg	metal
metal/metal16.jpg	metal
metal/metal160.jpg	metal
metal/metal161.jpg	metal
metal/metal162.jpg	metal
metal/metal163.jpg	metal
metal/metal164.jpg	metal
metal/metal165.jpg	metal
metal/metal166.jpg	metal
metal/metal167.jpg	metal
metal/metal168.jpg	metal
metal/metal169.jpg	metal
metal/metal17.jpg	metal
metal/metal170.jpg	metal
metal/metal171.jpg	metal
metal/metal172.jpg	metal
metal/metal173.jpg	metal
metal/metal174.jpg	metal
metal/metal175.jpg	metal
metal/metal176.jpg	metal
metal/metal177.jpg	metal
metal/metal178.jpg	metal
metal/metal179.jpg	metal
metal/metal18.jpg	metal
metal/metal180.jpg	metal
metal/metal181.jpg	metal
metal/metal182.jpg	metal
metal/metal183.jpg	metal
metal/metal184.jpg	metal
metal/metal185.jpg	metal
metal/metal186.jpg	metal
metal/metal187.jpg	metal
metal/metal188.jpg	metal
metal/metal189.jpg	metal
metal/metal19.jpg	metal
metal/metal190.jpg	metal
metal/metal191.jpg	metal
metal/metal192.jpg	metal
metal/metal193.jpg	metal
metal/metal194.jpg	metal
metal/metal195.jpg	metal
metal/metal196.jpg	metal
metal/metal197.jpg	metal
metal/metal198.jpg	metal
metal/metal199.jpg	metal
metal/metal2.jpg	metal
metal/metal20.jpg	metal
metal/metal200.jpg	metal
metal/metal201.jpg	metal
metal/metal202.jpg	metal
metal/metal203.jpg	metal
metal/metal204.jpg	metal
metal/metal205.jpg	metal
metal/metal206.jpg	metal
metal/metal207.jpg	metal
metal/metal208.jpg	metal
metal/metal209.jpg	metal
metal/metal21.jpg	metal
metal/metal210.jpg	metal
metal/metal211.jpg	metal
metal/metal212.jpg	metal
metal/metal213.jpg	metal
metal/metal214.jpg	metal
metal/metal215.jpg	metal
metal/metal216.jpg	metal
metal/metal217.jpg	metal
metal/metal218.jpg	metal
metal/metal219.jpg	metal
metal/metal22.jpg	metal
metal/metal220.jpg	metal
metal/metal221.jpg	metal
metal/metal222.jpg	metal
metal/metal223.jpg	metal
metal/metal224.jpg	metal
metal/metal225.jpg	metal
metal/metal226.jpg	metal
metal/metal227.jpg	metal
metal/metal228.jpg	metal
metal/metal229.jpg	metal
metal/metal23.jpg	metal
metal/metal230.jpg	metal
metal/metal231.jpg	metal
metal/metal232.jpg	metal
metal/metal233.jpg	metal
metal/metal234.jpg	metal
metal/metal235.jpg	metal
metal/metal236.jpg	metal
metal/metal237.jpg	metal
metal/metal238.jpg	metal
metal/metal239.jpg	metal
metal/metal24.jpg	metal
metal/metal240.jpg	metal
metal/metal241.jpg	metal
metal/metal242.jpg	metal
metal/metal243.jpg	metal
metal/metal244.jpg	metal
metal/metal245.jpg	metal
metal/metal246.jpg	metal
metal/metal247.jpg	metal
metal/metal248.jpg	metal
metal/metal249.jpg	metal
metal/metal25.jpg	metal
metal/metal250.jpg	metal
metal/metal251.jpg	metal
metal/metal252.jpg	metal
metal/metal253.jpg	metal
metal/metal254.jpg	metal
metal/metal255.jpg	metal
metal/metal256.jpg	metal
metal/metal257.jpg	metal
metal/metal258.jpg	metal
metal/metal259.jpg	metal
metal/metal26.jpg	metal
metal/metal260.jpg	metal
metal/metal261.jpg	metal
metal/metal262.jpg	metal
metal/metal263.jpg	metal
metal/metal264.jpg	metal
metal/metal265.jpg	metal
metal/metal266.jpg	metal
metal/metal267.jpg	metal
metal/metal268.jpg	metal
metal/metal269.jpg	metal
metal/metal27.jpg	metal
metal/metal270.jpg	metal
metal/metal271.jpg	metal
metal/metal272.jpg	metal
metal/metal273.jpg	metal
metal/metal274.jpg	metal
metal/metal275.jpg	metal
metal/metal276.jpg	metal
metal/metal277.jpg	metal
metal/metal278.jpg	metal
metal/metal279.jpg	metal
metal/metal28.jpg	metal
metal/metal280.jpg	metal
metal/metal281.jpg	metal
metal/metal282.jpg	metal
metal/metal283.jpg	metal
metal/metal284.jpg	metal
metal/metal285.jpg	metal
metal/metal286.jpg	metal
metal/metal287.jpg	metal
metal/metal288.jpg	metal
metal/metal289.jpg	metal
metal/metal29.jpg	metal
metal/metal290.jpg	metal
metal/metal291.jpg	metal
metal/metal292.jpg	metal
metal/metal293.jpg	metal
metal/metal294.jpg	metal
metal/metal295.jpg	metal
metal/metal296.jpg	metal
metal/metal297.jpg	metal
metal/metal298.jpg	metal
metal/metal299.jpg	metal
metal/metal3.jpg	metal
metal/metal30.jpg	metal
metal/metal300.jpg	metal
metal/metal301.jpg	metal
metal/metal302.jpg	metal
metal/metal303.jpg	metal
metal/metal304.jpg	metal
metal/metal305.jpg	metal
metal/metal306.jpg	metal
metal/metal307.jpg	metal
metal/metal308.jpg	metal
metal/metal309.jpg	metal
metal/metal31.jpg	metal
metal/metal310.jpg	metal
metal/metal311.jpg	metal
metal/metal312.jpg	metal
metal/metal313.jpg	metal
metal/metal314.jpg	metal
metal/metal315.jpg	metal
metal/metal316.jpg	metal
metal/metal317.jpg	metal
metal/metal318.jpg	metal
metal/metal319.jpg	metal
metal/metal32.jpg	metal
metal/metal320.jpg	metal
metal/metal321.jpg	metal
metal/metal322.jpg	metal
metal/metal323.jpg	metal
metal/metal324.jpg	metal
metal/metal325.jpg	metal
metal/metal326.jpg	metal
metal/metal327.jpg	metal
metal/metal328.jpg	metal
metal/metal329.jpg	metal
metal/metal33.jpg	metal
metal/metal330.jpg	metal
metal/metal331.jpg	metal
metal/metal332.jpg	metal
metal/metal333.jpg	metal
metal/metal334.jpg	metal
metal/metal335.jpg	metal
metal/metal336.jpg	metal
metal/metal337.jpg	metal
metal/metal338.jpg	metal
metal/metal339.jpg	metal
metal/metal34.jpg	metal
metal/metal340.jpg	metal
metal/metal341.jpg	metal
metal/metal342.jpg	metal
metal/metal343.jpg	metal
metal/metal344.jpg	metal
metal/metal345.jpg	metal
metal/metal346.jpg	metal
metal/metal347.jpg	metal
metal/metal348.jpg	metal
metal/metal349.jpg	metal
metal/metal35.jpg	metal
metal/metal350.jpg	metal
metal/metal351.jpg	metal
metal/metal352.jpg	metal
metal/metal353.jpg	metal
metal/metal354.jpg	metal
metal/metal355.jpg	metal
metal/metal356.jpg	metal
metal/metal357.jpg	metal
metal/metal358.jpg	metal
metal/metal359.jpg	metal
metal/metal36.jpg	metal
metal/metal360.jpg	metal
metal/metal361.jpg	metal
metal/metal362.jpg	metal
metal/metal363.jpg	metal
metal/metal364.jpg	metal
metal/metal365.jpg	metal
metal/metal366.jpg	metal
metal/metal367.jpg	metal
metal/metal368.jpg	metal
metal/metal369.jpg	metal
metal/metal37.jpg	metal
metal/metal370.jpg	metal
metal/metal371.jpg	metal
metal/metal372.jpg	metal
metal/metal373.jpg	metal
metal/metal374.jpg	metal
metal/metal375.jpg	metal
metal/metal376.jpg	metal
metal/metal377.jpg	metal
metal/metal378.jpg	metal
metal/metal379.jpg	metal
metal/metal38.jpg	metal
metal/metal380.jpg	metal
metal/metal381.jpg	metal
metal/metal382.jpg	metal
metal/metal383.jpg	metal
metal/metal384.jpg	metal
metal/metal385.jpg	metal
metal/metal386.jpg	metal
metal/metal387.jpg	metal
metal/metal388.jpg	metal
metal/metal389.jpg	metal
metal/metal39.jpg	metal
metal/metal390.jpg	metal
metal/metal391.jpg	metal
metal/metal392.jpg	metal
metal/metal393.jpg	metal
metal/metal394.jpg	metal
metal/metal395.jpg	metal
metal/metal396.jpg	metal
metal/metal397.jpg	metal
metal/metal398.jpg	metal
metal/metal399.jpg	metal
metal/metal4.jpg	metal
metal/metal40.jpg	metal
metal/metal400.jpg	metal
metal/metal401.jpg	metal
metal/metal402.jpg	metal
metal/metal403.jpg	metal
metal/metal404.jpg	metal
metal/metal405.jpg	metal
metal/metal406.jpg	metal
metal/metal407.jpg	metal
metal/metal408.jpg	metal
metal/metal409.jpg	metal
metal/metal41.jpg	metal
metal/metal410.jpg	metal
metal/metal42.jpg	metal
metal/metal43.jpg	metal
metal/metal44.jpg	metal
metal/metal45.jpg	metal
metal/metal46.jpg	metal
metal/metal47.jpg	metal
metal/metal48.jpg	metal
metal/metal49.jpg	metal
metal/metal5.jpg	metal
metal/metal50.jpg	metal
metal/metal51.jpg	metal
metal/metal52.jpg	metal
metal/metal53.jpg	metal
metal/metal54.jpg	metal
metal/metal55.jpg	metal
metal/metal56.jpg	metal
metal/metal57.jpg	metal
metal/metal58.jpg	metal
metal/metal59.jpg	metal
metal/metal6.jpg	metal
metal/metal60.jpg	metal
metal/metal61.jpg	metal
metal/metal62.jpg	metal
metal/metal63.jpg	metal
metal/metal64.jpg	metal
metal/metal65.jpg	metal
metal/metal66.jpg	metal
metal/metal67.jpg	metal
metal/metal68.jpg	metal
metal/metal69.jpg	metal
metal/metal7.jpg	metal
metal/metal70.jpg	metal
metal/metal71.jpg	metal
metal/metal72.jpg	metal
metal/metal73.jpg	metal
metal/metal74.jpg	metal
metal/metal75.jpg	metal
metal/metal76.jpg	metal
metal/metal77.jpg	metal
metal/metal78.jpg	metal
metal/metal79.jpg	metal
metal/metal8.jpg	metal
metal/metal80.jpg	metal
metal/metal81.jpg	metal
metal/metal82.jpg	metal
metal/metal83.jpg	metal
metal/metal84.jpg	metal
metal/metal85.jpg	metal
metal/metal86.jpg	metal
metal/metal87.jpg	metal
metal/metal88.jpg	metal
metal/metal89.jpg	metal
metal/metal9.jpg	metal
metal/metal90.jpg	metal
metal/metal91.jpg	metal
metal/metal92.jpg	metal
metal/metal93.jpg	metal
metal/metal94.jpg	metal
metal/metal95.jpg	metal
metal/metal96.jpg	metal
metal/metal97.jpg	metal
metal/metal98.jpg	metal
metal/metal99.jpg	metal
paper/paper1.jpg	paper
paper/paper10.jpg	paper
paper/paper100.jpg	paper
paper/paper101.jpg	paper
paper/paper102.jpg	paper
paper/paper103.jpg	paper
paper/paper104.jpg	paper
paper/paper105.jpg	paper
paper/paper106.jpg	paper
paper/paper107.jpg	paper
paper/paper108.jpg	paper
paper/paper109.jpg	paper
paper/paper11.jpg	paper
paper/paper110.jpg	paper
paper/paper111.jpg	paper
paper/paper112.jpg	paper
paper/paper113.jpg	paper
paper/paper114.jpg	paper
paper/paper115.jpg	paper
paper/paper116.jpg	paper
paper/paper117.jpg	paper
paper/paper118.jpg	paper
paper/paper119.jpg	paper
paper/paper12.jpg	paper
paper/paper120.jpg	paper
paper/paper121.jpg	paper
paper/paper122.jpg	paper
paper/paper123.jpg	paper
paper/paper124.jpg	paper
paper/paper125.jpg	paper
paper/paper126.jpg	paper
paper/paper127.jpg	paper
paper/paper128.jpg	paper
paper/paper129.jpg	paper
paper/paper13.jpg	paper
paper/paper130.jpg	paper
paper/paper131.jpg	paper
paper/paper132.jpg	paper
paper/paper133.jpg	paper
paper/paper134.jpg	paper
paper/paper135.jpg	paper
paper/paper136.jpg	paper
paper/paper137.jpg	paper
paper/paper138.jpg	paper
paper/paper139.jpg	paper
paper/paper14.jpg	paper
paper/paper140.jpg	paper
paper/paper141.jpg	paper
paper/paper142.jpg	paper
paper/paper143.jpg	paper
paper/paper144.jpg	paper
paper/paper145.jpg	paper
paper/paper146.jpg	paper
paper/paper147.jpg	paper
paper/paper148.jpg	paper
paper/paper149.jpg	paper
paper/paper15.jpg	paper
paper/paper150.jpg	paper
paper/paper151.jpg	paper
paper/paper152.jpg	paper
paper/paper153.jpg	paper
paper/paper154.jpg	paper
paper/paper155.jpg	paper
paper/paper156.jpg	paper
paper/paper157.jpg	paper
paper/paper158.jpg	paper
paper/paper159.jpg	paper
paper/paper16.jpg	paper
paper/paper160.jpg	paper
paper/paper161.jpg	paper
paper/paper162.jpg	paper
paper/paper163.jpg	paper
paper/paper164.jpg	paper
paper/paper165.jpg	paper
paper/paper166.jpg	paper
paper/paper167.jpg	paper
paper/paper168.jpg	paper
paper/paper169.jpg	paper
paper/paper17.jpg	paper
paper/paper170.jpg	paper
paper/paper171.jpg	paper
paper/paper172.jpg	paper
paper/paper173.jpg	paper
paper/paper174.jpg	paper
paper/paper175.jpg	paper
paper/paper176.jpg	paper
paper/paper177.jpg	paper
paper/paper178.jpg	paper
paper/paper179.jpg	paper
paper/paper18.jpg	paper
paper/paper180.jpg	paper
paper/paper181.jpg	paper
paper/paper182.jpg	paper
paper/paper183.jpg	paper
paper/paper184.jpg	paper
paper/paper185.jpg	paper
paper/paper186.jpg	paper
paper/paper187.jpg	paper
paper/paper188.jpg	paper
paper/paper189.jpg	paper
paper/paper19.jpg	paper
paper/paper190.jpg	paper
paper/paper191.jpg	paper
paper/paper192.jpg	paper
paper/paper193.jpg	paper
paper/paper194.jpg	paper
paper/paper195.jpg	paper
paper/paper196.jpg	paper
paper/paper197.jpg	paper
paper/paper198.jpg	paper
paper/paper199.jpg	paper
paper/paper2.jpg	paper
paper/paper20.jpg	paper
paper/paper200.jpg	paper
paper/paper201.jpg	paper
paper/paper202.jpg	paper
paper/paper203.jpg	paper
paper/paper204.jpg	paper
paper/paper205.jpg	paper
paper/paper206.jpg	paper
paper/paper207.jpg	paper
paper/paper208.jpg	paper
paper/paper209.jpg	paper
paper/paper21.jpg	paper
paper/paper210.jpg	paper
paper/paper211.jpg	paper
paper/paper212.jpg	paper
paper/paper213.jpg	paper
paper/paper214.jpg	paper
paper/paper215.jpg	paper
paper/paper216.jpg	paper
paper/paper217.jpg	paper
paper/paper218.jpg	paper
paper/paper219.jpg	paper
paper/paper22.jpg	paper
paper/paper220.jpg	paper
paper/paper221.jpg	paper
paper/paper222.jpg	paper
paper/paper223.jpg	paper
paper/paper224.jpg	paper
paper/paper225.jpg	paper
paper/paper226.jpg	paper
paper/paper227.jpg	paper
paper/paper228.jpg	paper
paper/paper229.jpg	paper
paper/paper23.jpg	paper
paper/paper230.jpg	paper
paper/paper231.jpg	paper
paper/paper232.jpg	paper
paper/paper233.jpg	paper
paper/paper234.jpg	paper
paper/paper235.jpg	paper
paper/paper236.jpg	paper
paper/paper237.jpg	paper
paper/paper238.jpg	paper
paper/paper239.jpg	paper
paper/paper24.jpg	paper
paper/paper240.jpg	paper
paper/paper241.jpg	paper
paper/paper242.jpg	paper
paper/paper243.jpg	paper
paper/paper244.jpg	paper
paper/paper245.jpg	paper
paper/paper246.jpg	paper
paper/paper247.jpg	paper
paper/paper248.jpg	paper
paper/paper249.jpg	paper
paper/paper25.jpg	paper
paper/paper250.jpg	paper
paper/paper251.jpg	paper
paper/paper252.jpg	paper
paper/paper253.jpg	paper
paper/paper254.jpg	paper
paper/paper255.jpg	paper
paper/paper256.jpg	paper
paper/paper257.jpg	paper
paper/paper258.jpg	paper
paper/paper259.jpg	paper
paper/paper26.jpg	paper
paper/paper260.jpg	paper
paper/paper261.jpg	paper
paper/paper262.jpg	paper
paper/paper263.jpg	paper
paper/paper264.jpg	paper
paper/paper265.jpg	paper
paper/paper266.jpg	paper
paper/paper267.jpg	paper
paper/paper268.jpg	paper
paper/paper269.jpg	paper
paper/paper27.jpg	paper
paper/paper270.jpg	paper
paper/paper271.jpg	paper
paper/paper272.jpg	paper
paper/paper273.jpg	paper
paper/paper274.jpg	paper
paper/paper275.jpg	paper
paper/paper276.jpg	paper
paper/paper277.jpg	paper
paper/paper278.jpg	paper
paper/paper279.jpg	paper
paper/paper28.jpg	paper
paper/paper280.jpg	paper
paper/paper281.jpg	paper
paper/paper282.jpg	paper
paper/paper283.jpg	paper
paper/paper284.jpg	paper
paper/paper285.jpg	paper
paper/paper286.jpg	paper
paper/paper287.jpg	paper
paper/paper288.jpg	paper
paper/paper289.jpg	paper
paper/paper29.jpg	paper
paper/paper290.jpg	paper
paper/paper291.jpg	paper
paper/paper292.jpg	paper
paper/paper293.jpg	paper
paper/paper294.jpg	paper
paper/paper295.jpg	paper
paper/paper296.jpg	paper
paper/paper297.jpg	paper
paper/paper298.jpg	paper
paper/paper299.jpg	paper
paper/paper3.jpg	paper
paper/paper30.jpg	paper
paper/paper300.jpg	paper
paper/paper301.jpg	paper
paper/paper302.jpg	paper
paper/paper303.jpg	paper
paper/paper304.jpg	paper
paper/paper305.jpg	paper
paper/paper306.jpg	paper
paper/paper307.jpg	paper
paper/paper308.jpg	paper
paper/paper309.jpg	paper
paper/paper31.jpg	paper
paper/paper310.jpg	paper
paper/paper311.jpg	paper
paper/paper312.jpg	paper
paper/paper313.jpg	paper
paper/paper314.jpg	paper
paper/paper315.jpg	paper
paper/paper316.jpg	paper
paper/paper317.jpg	paper
paper/paper318.jpg	paper
paper/paper319.jpg	paper
paper/paper32.jpg	paper
paper/paper320.jpg	paper
paper/paper321.jpg	paper
paper/paper322.jpg	paper
paper/paper323.jpg	paper
paper/paper324.jpg	paper
paper/paper325.jpg	paper
paper/paper326.jpg	paper
paper/paper327.jpg	paper
paper/paper328.jpg	paper
paper/paper329.jpg	paper
paper/paper33.jpg	paper
paper/paper330.jpg	paper
paper/paper331.jpg	paper
paper/paper332.jpg	paper
paper/paper333.jpg	paper
paper/paper334.jpg	paper
paper/paper335.jpg	paper
paper/paper336.jpg	paper
paper/paper337.jpg	paper
paper/paper338.jpg	paper
paper/paper339.jpg	paper
paper/paper34.jpg	paper
paper/paper340.jpg	paper
paper/paper341.jpg	paper
paper/paper342.jpg	paper
paper/paper343.jpg	paper
paper/paper344.jpg	paper
paper/paper345.jpg	paper
paper/paper346.jpg	paper
paper/paper347.jpg	paper
paper/paper348.jpg	paper
paper/paper349.jpg	paper
paper/paper35.jpg	paper
paper/paper350.jpg	paper
paper/paper351.jpg	paper
paper/paper352.jpg	paper
paper/paper353.jpg	paper
paper/paper354.jpg	paper
paper/paper355.jpg	paper
paper/paper356.jpg	paper
paper/paper357.jpg	paper
paper/paper358.jpg	paper
paper/paper359.jpg	paper
paper/paper36.jpg	paper
paper/paper360.jpg	paper
paper/paper361.jpg	paper
paper/paper362.jpg	paper
paper/paper363.jpg	paper
paper/paper364.jpg	paper
paper/paper365.jpg	paper
paper/paper366.jpg	paper
paper/paper367.jpg	paper
paper/paper368.jpg	paper
paper/paper369.jpg	paper
paper/paper37.jpg	paper
paper/paper370.jpg	paper
paper/paper371.jpg	paper
paper/paper372.jpg	paper
paper/paper373.jpg	paper
paper/paper374.jpg	paper
paper/paper375.jpg	paper
paper/paper376.jpg	paper
paper/paper377.jpg	paper
paper/paper378.jpg	paper
paper/paper379.jpg	paper
paper/paper38.jpg	paper
paper/paper380.jpg	paper
paper/paper381.jpg	paper
paper/paper382.jpg	paper
paper/paper383.jpg	paper
paper/paper384.jpg	paper
paper/paper385.jpg	paper
paper/paper386.jpg	paper
paper/paper387.jpg	paper
paper/paper388.jpg	paper
paper/paper389.jpg	paper
paper/paper39.jpg	paper
paper/paper390.jpg	paper
paper/paper391.jpg	paper
paper/paper392.jpg	paper
paper/paper393.jpg	paper
paper/paper394.jpg	paper
paper/paper395.jpg	paper
paper/paper396.jpg	paper
paper/paper397.jpg	paper
paper/paper398.jpg	paper
paper/paper399.jpg	paper
paper/paper4.jpg	paper
paper/paper40.jpg	paper
paper/paper400.jpg	paper
paper/paper401.jpg	paper
paper/paper402.jpg	paper
paper/paper403.jpg	paper
paper/paper404.jpg	paper
paper/paper405.jpg	paper
paper/paper406.jpg	paper
paper/paper407.jpg	paper
paper/paper408.jpg	paper
paper/paper409.jpg	paper
paper/paper41.jpg	paper
paper/paper410.jpg	paper
paper/paper411.jpg	paper
paper/paper412.jpg	paper
paper/paper413.jpg	paper
paper/paper414.jpg	paper
paper/paper415.jpg	paper
paper/paper416.jpg	paper
paper/paper417.jpg	paper
paper/paper418.jpg	paper
paper/paper419.jpg	paper
paper/paper42.jpg	paper
paper/paper420.jpg	paper
paper/paper421.jpg	paper
paper/paper422.jpg	paper
paper/paper423.jpg	paper
paper/paper424.jpg	paper
paper/paper425.jpg	paper
paper/paper426.jpg	paper
paper/paper427.jpg	paper
paper/paper428.jpg	paper
paper/paper429.jpg	paper
paper/paper43.jpg	paper
paper/paper430.jpg	paper
paper/paper431.jpg	paper
paper/paper432.jpg	paper
paper/paper433.jpg	paper
paper/paper434.jpg	paper
paper/paper435.jpg	paper
paper/paper436.jpg	paper
paper/paper437.jpg	paper
paper/paper438.jpg	paper
paper/paper439.jpg	paper
paper/paper44.jpg	paper
paper/paper440.jpg	paper
paper/paper441.jpg	paper
paper/paper442.jpg	paper
paper/paper443.jpg	paper
paper/paper444.jpg	paper
paper/paper445.jpg	paper
paper/paper446.jpg	paper
paper/paper447.jpg	paper
paper/paper448.jpg	paper
paper/paper449.jpg	paper
paper/paper45.jpg	paper
paper/paper450.jpg	paper
paper/paper451.jpg	paper
paper/paper452.jpg	paper
paper/paper453.jpg	paper
paper/paper454.jpg	paper
paper/paper455.jpg	paper
paper/paper456.jpg	paper
paper/paper457.jpg	paper
paper/paper458.jpg	paper
paper/paper459.jpg	paper
paper/paper46.jpg	paper
paper/paper460.jpg	paper
paper/paper461.jpg	paper
paper/paper462.jpg	paper
paper/paper463.jpg	paper
paper/paper464.jpg	paper
paper/paper465.jpg	paper
paper/paper466.jpg	paper
paper/paper467.jpg	paper
paper/paper468.jpg	paper
paper/paper469.jpg	paper
paper/paper47.jpg	paper
paper/paper470.jpg	paper
paper/paper471.jpg	paper
paper/paper472.jpg	paper
paper/paper473.jpg	paper
paper/paper474.jpg	paper
paper/paper475.jpg	paper
paper/paper476.jpg	paper
paper/paper477.jpg	paper
paper/paper478.jpg	paper
paper/paper479.jpg	paper
paper/paper48.jpg	paper
paper/paper480.jpg	paper
paper/paper481.jpg	paper
paper/paper482.jpg	paper
paper/paper483.jpg	paper
paper/paper484.jpg	paper
paper/paper485.jpg	paper
paper/paper486.jpg	paper
paper/paper487.jpg	paper
paper/paper488.jpg	paper
paper/paper489.jpg	paper
paper/paper49.jpg	paper
paper/paper490.jpg	paper
paper/paper491.jpg	paper
paper/paper492.jpg	paper
paper/paper493.jpg	paper
paper/paper494.jpg	paper
paper/paper495.jpg	paper
paper/paper496.jpg	paper
paper/paper497.jpg	paper
paper/paper498.jpg	paper
paper/paper499.jpg	paper
paper/paper5.jpg	paper
paper/paper50.jpg	paper
paper/paper500.jpg	paper
paper/paper501.jpg	paper
paper/paper502.jpg	paper
paper/paper503.jpg	paper
paper/paper504.jpg	paper
paper/paper505.jpg	paper
paper/paper506.jpg	paper
paper/paper507.jpg	paper
paper/paper508.jpg	paper
paper/paper509.jpg	paper
paper/paper51.jpg	paper
paper/paper510.jpg	paper
paper/paper511.jpg	paper
paper/paper512.jpg	paper
paper/paper513.jpg	paper
paper/paper514.jpg	paper
paper/paper515.jpg	paper
paper/paper516.jpg	paper
paper/paper517.jpg	paper
paper/paper518.jpg	paper
paper/paper519.jpg	paper
paper/paper52.jpg	paper
paper/paper520.jpg	paper
paper/paper521.jpg	paper
paper/paper522.jpg	paper
paper/paper523.jpg	paper
paper/paper524.jpg	paper
paper/paper525.jpg	paper
paper/paper526.jpg	paper
paper/paper527.jpg	paper
paper/paper528.jpg	paper
paper/paper529.jpg	paper
paper/paper53.jpg	paper
paper/paper530.jpg	paper
paper/paper531.jpg	paper
paper/paper532.jpg	paper
paper/paper533.jpg	paper
paper/paper534.jpg	paper
paper/paper535.jpg	paper
paper/paper536.jpg	paper
paper/paper537.jpg	paper
paper/paper538.jpg	paper
paper/paper539.jpg	paper
paper/paper54.jpg	paper
paper/paper540.jpg	paper
paper/paper541.jpg	paper
paper/paper542.jpg	paper
paper/paper543.jpg	paper
paper/paper544.jpg	paper
paper/paper545.jpg	paper
paper/paper546.jpg	paper
paper/paper547.jpg	paper
paper/paper548.jpg	paper
paper/paper549.jpg	paper
paper/paper55.jpg	paper
paper/paper550.jpg	paper
paper/paper551.jpg	paper
paper/paper552.jpg	paper
paper/paper553.jpg	paper
paper/paper554.jpg	paper
paper/paper555.jpg	paper
paper/paper556.jpg	paper
paper/paper557.jpg	paper
paper/paper558.jpg	paper
paper/paper559.jpg	paper
paper/paper56.jpg	paper
paper/paper560.jpg	paper
paper/paper561.jpg	paper
paper/paper562.jpg	paper
paper/paper563.jpg	paper
paper/paper564.jpg	paper
paper/paper565.jpg	paper
paper/paper566.jpg	paper
paper/paper567.jpg	paper
paper/paper568.jpg	paper
paper/paper569.jpg	paper
paper/paper57.jpg	paper
paper/paper570.jpg	paper
paper/paper571.jpg	paper
paper/paper572.jpg	paper
paper/paper573.jpg	paper
paper/paper574.jpg	paper
paper/paper575.jpg	paper
paper/paper576.jpg	paper
paper/paper577.jpg	paper
paper/paper578.jpg	paper
paper/paper579.jpg	paper
paper/paper58.jpg	paper
paper/paper580.jpg	paper
paper/paper581.jpg	paper
paper/paper582.jpg	paper
paper/paper583.jpg	paper
paper/paper584.jpg	paper
paper/paper585.jpg	paper
paper/paper586.jpg	paper
paper/paper587.jpg	paper
paper/paper588.jpg	paper
paper/paper589.jpg	paper
paper/paper59.jpg	paper
paper/paper590.jpg	paper
paper/paper591.jpg	paper
paper/paper592.jpg	paper
paper/paper593.jpg	paper
paper/paper594.jpg	paper
paper/paper6.jpg	paper
paper/paper60.jpg	paper
paper/paper61.jpg	paper
paper/paper62.jpg	paper
paper/paper63.jpg	paper
paper/paper64.jpg	paper
paper/paper65.jpg	paper
paper/paper66.jpg	paper
paper/paper67.jpg	paper
paper/paper68.jpg	paper
paper/paper69.jpg	paper
paper/paper7.jpg	paper
paper/paper70.jpg	paper
paper/paper71.jpg	paper
paper/paper72.jpg	paper
paper/paper73.jpg	paper
paper/paper74.jpg	paper
paper/paper75.jpg	paper
paper/paper76.jpg	paper
paper/paper77.jpg	paper
paper/paper78.jpg	paper
paper/paper79.jpg	paper
paper/paper8.jpg	paper
paper/paper80.jpg	paper
paper/paper81.jpg	paper
paper/paper82.jpg	paper
paper/paper83.jpg	paper
paper/paper84.jpg	paper
paper/paper85.jpg	paper
paper/paper86.jpg	paper
paper/paper87.jpg	paper
paper/paper88.jpg	paper
paper/paper89.jpg	paper
paper/paper9.jpg	paper
paper/paper90.jpg	paper
paper/paper91.jpg	paper
paper/paper92.jpg	paper
paper/paper93.jpg	paper
paper/paper94.jpg	paper
paper/paper95.jpg	paper
paper/paper96.jpg	paper
paper/paper97.jpg	paper
paper/paper98.jpg	paper
paper/paper99.jpg	paper
plastic/plastic1.jpg	plastic
plastic/plastic10.jpg	plastic
plastic/plastic100.jpg	plastic
plastic/plastic101.jpg	plastic
plastic/plastic102.jpg	plastic
plastic/plastic103.jpg	plastic
plastic/plastic104.jpg	plastic
plastic/plastic105.jpg	plastic
plastic/plastic106.jpg	plastic
plastic/plastic107.jpg	plastic
plastic/plastic108.jpg	plastic
plastic/plastic109.jpg	plastic
plastic/plastic11.jpg	plastic
plastic/plastic110.jpg	plastic
plastic/plastic111.jpg	plastic
plastic/plastic112.jpg	plastic
plastic/plastic113.jpg	plastic
plastic/plastic114.jpg	plastic
plastic/plastic115.jpg	plastic
plastic/plastic116.jpg	plastic
plastic/plastic117.jpg	plastic
plastic/plastic118.jpg	plastic
plastic/plastic119.jpg	plastic
plastic/plastic12.jpg	plastic
plastic/plastic120.jpg	plastic
plastic/plastic121.jpg	plastic
plastic/plastic122.jpg	plastic
plastic/plastic123.jpg	plastic
plastic/plastic124.jpg	plastic
plastic/plastic125.jpg	plastic
plastic/plastic126.jpg	plastic
plastic/plastic127.jpg	plastic
plastic/plastic128.jpg	plastic
plastic/plastic129.jpg	plastic
plastic/plastic13.jpg	plastic
plastic/plastic130.jpg	plastic
plastic/plastic131.jpg	plastic
plastic/plastic132.jpg	plastic
plastic/plastic133.jpg	plastic
plastic/plastic134.jpg	plastic
plastic/plastic135.jpg	plastic
plastic/plastic136.jpg	plastic
plastic/plastic137.jpg	plastic
plastic/plastic138.jpg	plastic
plastic/plastic139.jpg	plastic
plastic/plastic14.jpg	plastic
plastic/plastic140.jpg	plastic
plastic/plastic141.jpg	plastic
plastic/plastic142.jpg	plastic
plastic/plastic143.jpg	plastic
plastic/plastic144.jpg	plastic
plastic/plastic145.jpg	plastic
plastic/plastic146.jpg	plastic
plastic/plastic147.jpg	plastic
plastic/plastic148.jpg	plastic
plastic/plastic149.jpg	plastic
plastic/plastic15.jpg	plastic
plastic/plastic150.jpg	plastic
plastic/plastic151.jpg	plastic
plastic/plastic152.jpg	plastic
plastic/plastic153.jpg	plastic
plastic/plastic154.jpg	plastic
plastic/plastic155.jpg	plastic
plastic/plastic156.jpg	plastic
plastic/plastic157.jpg	plastic
plastic/plastic158.jpg	plastic
plastic/plastic159.jpg	plastic
plastic/plastic16.jpg	plastic
plastic/plastic160.jpg	plastic
plastic/plastic161.jpg	plastic
plastic/plastic162.jpg	plastic
plastic/plastic163.jpg	plastic
plastic/plastic164.jpg	plastic
plastic/plastic165.jpg	plastic
plastic/plastic166.jpg	plastic
plastic/plastic167.jpg	plastic
plastic/plastic168.jpg	plastic
plastic/plastic169.jpg	plastic
plastic/plastic17.jpg	plastic
plastic/plastic170.jpg	plastic
plastic/plastic171.jpg	plastic
plastic/plastic172.jpg	plastic
plastic/plastic173.jpg	plastic
plastic/plastic174.jpg	plastic
plastic/plastic175.jpg	plastic
plastic/plastic176.jpg	plastic
plastic/plastic177.jpg	plastic
plastic/plastic178.jpg	plastic
plastic/plastic179.jpg	plastic
plastic/plastic18.jpg	plastic
plastic/plastic180.jpg	plastic
plastic/plastic181.jpg	plastic
plastic/plastic182.jpg	plastic
plastic/plastic183.jpg	plastic
plastic/plastic184.jpg	plastic
plastic/plastic185.jpg	plastic
plastic/plastic186.jpg	plastic
plastic/plastic187.jpg	plastic
plastic/plastic188.jpg	plastic
plastic/plastic189.jpg	plastic
plastic/plastic19.jpg	plastic
plastic/plastic190.jpg	plastic
plastic/plastic191.jpg	plastic
plastic/plastic192.jpg	plastic
plastic/plastic193.jpg	plastic
plastic/plastic194.jpg	plastic
plastic/plastic195.jpg	plastic
plastic/plastic196.jpg	plastic
plastic/plastic197.jpg	plastic
plastic/plastic198.jpg	plastic
plastic/plastic199.jpg	plastic
plastic/plastic2.jpg	plastic
plastic/plastic20.jpg	plastic
plastic/plastic200.jpg	plastic
plastic/plastic201.jpg	plastic
plastic/plastic202.jpg	plastic
plastic/plastic203.jpg	plastic
plastic/plastic204.jpg	plastic
plastic/plastic205.jpg	plastic
plastic/plastic206.jpg	plastic
plastic/plastic207.jpg	plastic
plastic/plastic208.jpg	plastic
plastic/plastic209.jpg	plastic
plastic/plastic21.jpg	plastic
plastic/plastic210.jpg	plastic
plastic/plastic211.jpg	plastic
plastic/plastic212.jpg	plastic
plastic/plastic213.jpg	plastic
plastic/plastic214.jpg	plastic
plastic/plastic215.jpg	plastic
plastic/plastic216.jpg	plastic
plastic/plastic217.jpg	plastic
plastic/plastic218.jpg	plastic
plastic/plastic219.jpg	plastic
plastic/plastic22.jpg	plastic
plastic/plastic220.jpg	plastic
plastic/plastic221.jpg	plastic
plastic/plastic222.jpg	plastic
plastic/plastic223.jpg	plastic
plastic/plastic224.jpg	plastic
plastic/plastic225.jpg	plastic
plastic/plastic226.jpg	plastic
plastic/plastic227.jpg	plastic
plastic/plastic228.jpg	plastic
plastic/plastic229.jpg	plastic
plastic/plastic23.jpg	plastic
plastic/plastic230.jpg	plastic
plastic/plastic231.jpg	plastic
plastic/plastic232.jpg	plastic
plastic/plastic233.jpg	plastic
plastic/plastic234.jpg	plastic
plastic/plastic235.jpg	plastic
plastic/plastic236.jpg	plastic
plastic/plastic237.jpg	plastic
plastic/plastic238.jpg	plastic
plastic/plastic239.jpg	plastic
plastic/plastic24.jpg	plastic
plastic/plastic240.jpg	plastic
plastic/plastic241.jpg	plastic
plastic/plastic242.jpg	plastic
plastic/plastic243.jpg	plastic
plastic/plastic244.jpg	plastic
plastic/plastic245.jpg	plastic
plastic/plastic246.jpg	plastic
plastic/plastic247.jpg	plastic
plastic/plastic248.jpg	plastic
plastic/plastic249.jpg	plastic
plastic/plastic25.jpg	plastic
plastic/plastic250.jpg	plastic
plastic/plastic251.jpg	plastic
plastic/plastic252.jpg	plastic
plastic/plastic253.jpg	plastic
plastic/plastic254.jpg	plastic
plastic/plastic255.jpg	plastic
plastic/plastic256.jpg	plastic
plastic/plastic257.jpg	plastic
plastic/plastic258.jpg	plastic
plastic/plastic259.jpg	plastic
plastic/plastic26.jpg	plastic
plastic/plastic260.jpg	plastic
plastic/plastic261.jpg	plastic
plastic/plastic262.jpg	plastic
plastic/plastic263.jpg	plastic
plastic/plastic264.jpg	plastic
plastic/plastic265.jpg	plastic
plastic/plastic266.jpg	plastic
plastic/plastic267.jpg	plastic
plastic/plastic268.jpg	plastic
plastic/plastic269.jpg	plastic
plastic/plastic27.jpg	plastic
plastic/plastic270.jpg	plastic
plastic/plastic271.jpg	plastic
plastic/plastic272.jpg	plastic
plastic/plastic273.jpg	plastic
plastic/plastic274.jpg	plastic
plastic/plastic275.jpg	plastic
plastic/plastic276.jpg	plastic
plastic/plastic277.jpg	plastic
plastic/plastic278.jpg	plastic
plastic/plastic279.jpg	plastic
plastic/plastic28.jpg	plastic
plastic/plastic280.jpg	plastic
plastic/plastic281.jpg	plastic
plastic/plastic282.jpg	plastic
plastic/plastic283.jpg	plastic
plastic/plastic284.jpg	plastic
plastic/plastic285.jpg	plastic
plastic/plastic286.jpg	plastic
plastic/plastic287.jpg	plastic
plastic/plastic288.jpg	plastic
plastic/plastic289.jpg	plastic
plastic/plastic29.jpg	plastic
plastic/plastic290.jpg	plastic
plastic/plastic291.jpg	plastic
plastic/plastic292.jpg	plastic
plastic/plastic293.jpg	plastic
plastic/plastic294.jpg	plastic
plastic/plastic295.jpg	plastic
plastic/plastic296.jpg	plastic
plastic/plastic297.jpg	plastic
plastic/plastic298.jpg	plastic
plastic/plastic299.jpg	plastic
plastic/plastic3.jpg	plastic
plastic/plastic30.jpg	plastic
plastic/plastic300.jpg	plastic
plastic/plastic301.jpg	plastic
plastic/plastic302.jpg	plastic
plastic/plastic303.jpg	plastic
plastic/plastic304.jpg	plastic
plastic/plastic305.jpg	plastic
plastic/plastic306.jpg	plastic
plastic/plastic307.jpg	plastic
plastic/plastic308.jpg	plastic
plastic/plastic309.jpg	plastic
plastic/plastic31.jpg	plastic
plastic/plastic310.jpg	plastic
plastic/plastic311.jpg	plastic
plastic/plastic312.jpg	plastic
plastic/plastic313.jpg	plastic
plastic/plastic314.jpg	plastic
plastic/plastic315.jpg	plastic
plastic/plastic316.jpg	plastic
plastic/plastic317.jpg	plastic
plastic/plastic318.jpg	plastic
plastic/plastic319.jpg	plastic
plastic/plastic32.jpg	plastic
plastic/plastic320.jpg	plastic
plastic/plastic321.jpg	plastic
plastic/plastic322.jpg	plastic
plastic/plastic323.jpg	plastic
plastic/plastic324.jpg	plastic
plastic/plastic325.jpg	plastic
plastic/plastic326.jpg	plastic
plastic/plastic327.jpg	plastic
plastic/plastic328.jpg	plastic
plastic/plastic329.jpg	plastic
plastic/plastic33.jpg	plastic
plastic/plastic330.jpg	plastic
plastic/plastic331.jpg	plastic
plastic/plastic332.jpg	plastic
plastic/plastic333.jpg	plastic
plastic/plastic334.jpg	plastic
plastic/plastic335.jpg	plastic
plastic/plastic336.jpg	plastic
plastic/plastic337.jpg	plastic
plastic/plastic338.jpg	plastic
plastic/plastic339.jpg	plastic
plastic/plastic34.jpg	plastic
plastic/plastic340.jpg	plastic
plastic/plastic341.jpg	plastic
plastic/plastic342.jpg	plastic
plastic/plastic343.jpg	plastic
plastic/plastic344.jpg	plastic
plastic/plastic345.jpg	plastic
plastic/plastic346.jpg	plastic
plastic/plastic347.jpg	plastic
plastic/plastic348.jpg	plastic
plastic/plastic349.jpg	plastic
plastic/plastic35.jpg	plastic
plastic/plastic350.jpg	plastic
plastic/plastic351.jpg	plastic
plastic/plastic352.jpg	plastic
plastic/plastic353.jpg	plastic
plastic/plastic354.jpg	plastic
plastic/plastic355.jpg	plastic
plastic/plastic356.jpg	plastic
plastic/plastic357.jpg	plastic
plastic/plastic358.jpg	plastic
plastic/plastic359.jpg	plastic
plastic/plastic36.jpg	plastic
plastic/plastic360.jpg	plastic
plastic/plastic361.jpg	plastic
plastic/plastic362.jpg	plastic
plastic/plastic363.jpg	plastic
plastic/plastic364.jpg	plastic
plastic/plastic365.jpg	plastic
plastic/plastic366.jpg	plastic
plastic/plastic367.jpg	plastic
plastic/plastic368.jpg	plastic
plastic/plastic369.jpg	plastic
plastic/plastic37.jpg	plastic
plastic/plastic370.jpg	plastic
plastic/plastic371.jpg	plastic
plastic/plastic372.jpg	plastic
plastic/plastic373.jpg	plastic
plastic/plastic374.jpg	plastic
plastic/plastic375.jpg	plastic
plastic/plastic376.jpg	plastic
plastic/plastic377.jpg	plastic
plastic/plastic378.jpg	plastic
plastic/plastic379.jpg	plastic
plastic/plastic38.jpg	plastic
plastic/plastic380.jpg	plastic
plastic/plastic381.jpg	plastic
plastic/plastic382.jpg	plastic
plastic/plastic383.jpg	plastic
plastic/plastic384.jpg	plastic
plastic/plastic385.jpg	plastic
plastic/plastic386.jpg	plastic
plastic/plastic387.jpg	plastic
plastic/plastic388.jpg	plastic
plastic/plastic389.jpg	plastic
plastic/plastic39.jpg	plastic
plastic/plastic390.jpg	plastic
plastic/plastic391.jpg	plastic
plastic/plastic392.jpg	plastic
plastic/plastic393.jpg	plastic
plastic/plastic394.jpg	plastic
plastic/plastic395.jpg	plastic
plastic/plastic396.jpg	plastic
plastic/plastic397.jpg	plastic
plastic/plastic398.jpg	plastic
plastic/plastic399.jpg	plastic
plastic/plastic4.jpg	plastic
plastic/plastic40.jpg	plastic
plastic/plastic400.jpg	plastic
plastic/plastic401.jpg	plastic
plastic/plastic402.jpg	plastic
plastic/plastic403.jpg	plastic
plastic/plastic404.jpg	plastic
plastic/plastic405.jpg	plastic
plastic/plastic406.jpg	plastic
plastic/plastic407.jpg	plastic
plastic/plastic408.jpg	plastic
plastic/plastic409.jpg	plastic
plastic/plastic41.jpg	plastic
plastic/plastic410.jpg	plastic
plastic/plastic411.jpg	plastic
plastic/plastic412.jpg	plastic
plastic/plastic413.jpg	plastic
plastic/plastic414.jpg	plastic
plastic/plastic415.jpg	plastic
plastic/plastic416.jpg	plastic
plastic/plastic417.jpg	plastic
plastic/plastic418.jpg	plastic
plastic/plastic419.jpg	plastic
plastic/plastic42.jpg	plastic
plastic/plastic420.jpg	plastic
plastic/plastic421.jpg	plastic
plastic/plastic422.jpg	plastic
plastic/plastic423.jpg	plastic
plastic/plastic424.jpg	plastic
plastic/plastic425.jpg	plastic
plastic/plastic426.jpg	plastic
plastic/plastic427.jpg	plastic
plastic/plastic428.jpg	plastic
plastic/plastic429.jpg	plastic
plastic/plastic43.jpg	plastic
plastic/plastic430.jpg	plastic
plastic/plastic431.jpg	plastic
plastic/plastic432.jpg	plastic
plastic/plastic433.jpg	plastic
plastic/plastic434.jpg	plastic
plastic/plastic435.jpg	plastic
plastic/plastic436.jpg	plastic
plastic/plastic437.jpg	plastic
plastic/plastic438.jpg	plastic
plastic/plastic439.jpg	plastic
plastic/plastic44.jpg	plastic
plastic/plastic440.jpg	plastic
plastic/plastic441.jpg	plastic
plastic/plastic442.jpg	plastic
plastic/plastic443.jpg	plastic
plastic/plastic444.jpg	plastic
plastic/plastic445.jpg	plastic
plastic/plastic446.jpg	plastic
plastic/plastic447.jpg	plastic
plastic/plastic448.jpg	plastic
plastic/plastic449.jpg	plastic
plastic/plastic45.jpg	plastic
plastic/plastic450.jpg	plastic
plastic/plastic451.jpg	plastic
plastic/plastic452.jpg	plastic
plastic/plastic453.jpg	plastic
plastic/plastic454.jpg	plastic
plastic/plastic455.jpg	plastic
plastic/plastic456.jpg	plastic
plastic/plastic457.jpg	plastic
plastic/plastic458.jpg	plastic
plastic/plastic459.jpg	plastic
plastic/plastic46.jpg	plastic
plastic/plastic460.jpg	plastic
plastic/plastic461.jpg	plastic
plastic/plastic462.jpg	plastic
plastic/plastic463.jpg	plastic
plastic/plastic464.jpg	plastic
plastic/plastic465.jpg	plastic
plastic/plastic466.jpg	plastic
plastic/plastic467.jpg	plastic
plastic/plastic468.jpg	plastic
plastic/plastic469.jpg	plastic
plastic/plastic47.jpg	plastic
plastic/plastic470.jpg	plastic
plastic/plastic471.jpg	plastic
plastic/plastic472.jpg	plastic
plastic/plastic473.jpg	plastic
plastic/plastic474.jpg	plastic
plastic/plastic475.jpg	plastic
plastic/plastic476.jpg	plastic
plastic/plastic477.jpg	plastic
plastic/plastic478.jpg	plastic
plastic/plastic479.jpg	plastic
plastic/plastic48.jpg	plastic
plastic/plastic480.jpg	plastic
plastic/plastic481.jpg	plastic
plastic/plastic482.jpg	plastic
plastic/plastic49.jpg	plastic
plastic/plastic5.jpg	plastic
plastic/plastic50.jpg	plastic
plastic/plastic51.jpg	plastic
plastic/plastic52.jpg	plastic
plastic/plastic53.jpg	plastic
plastic/plastic54.jpg	plastic
plastic/plastic55.jpg	plastic
plastic/plastic56.jpg	plastic
plastic/plastic57.jpg	plastic
plastic/plastic58.jpg	plastic
plastic/plastic59.jpg	plastic
plastic/plastic6.jpg	plastic
plastic/plastic60.jpg	plastic
plastic/plastic61.jpg	plastic
plastic/plastic62.jpg	plastic
plastic/plastic63.jpg	plastic
plastic/plastic64.jpg	plastic
plastic/plastic65.jpg	plastic
plastic/plastic66.jpg	plastic
plastic/plastic67.jpg	plastic
plastic/plastic68.jpg	plastic
plastic/plastic69.jpg	plastic
plastic/plastic7.jpg	plastic
plastic/plastic70.jpg	plastic
plastic/plastic71.jpg	plastic
plastic/plastic72.jpg	plastic
plastic/plastic73.jpg	plastic
plastic/plastic74.jpg	plastic
plastic/plastic75.jpg	plastic
plastic/plastic76.jpg	plastic
plastic/plastic77.jpg	plastic
plastic/plastic78.jpg	plastic
plastic/plastic79.jpg	plastic
plastic/plastic8.jpg	plastic
plastic/plastic80.jpg	plastic
plastic/plastic81.jpg	plastic
plastic/plastic82.jpg	plastic
plastic/plastic83.jpg	plastic
plastic/plastic84.jpg	plastic
plastic/plastic85.jpg	plastic
plastic/plastic86.jpg	plastic
plastic/plastic87.jpg	plastic
plastic/plastic88.jpg	plastic
plastic/plastic89.jpg	plastic
plastic/plastic9.jpg	plastic
plastic/plastic90.jpg	plastic
plastic/plastic91.jpg	plastic
plastic/plastic92.jpg	plastic
plastic/plastic93.jpg	plastic
plastic/plastic94.jpg	plastic
plastic/plastic95.jpg	plastic
plastic/plastic96.jpg	plastic
plastic/plastic97.jpg	plastic
plastic/plastic98.jpg	plastic
plastic/plastic99.jpg	plastic
trash/trash1.jpg	trash
trash/trash10.jpg	trash
trash/trash100.jpg	trash
trash/trash101.jpg	trash
trash/trash102.jpg	trash
trash/trash103.jpg	trash
trash/trash104.jpg	trash
trash/trash105.jpg	trash
trash/trash106.jpg	trash
trash/trash107.jpg	trash
trash/trash108.jpg	trash
trash/trash109.jpg	trash
trash/trash11.jpg	trash
trash/trash110.jpg	trash
trash/trash111.jpg	trash
trash/trash112.jpg	trash
trash/trash113.jpg	trash
trash/trash114.jpg	trash
trash/trash115.jpg	trash
trash/trash116.jpg	trash
trash/trash117.jpg	trash
trash/trash118.jpg	trash
trash/trash119.jpg	trash
trash/trash12.jpg	trash
trash/trash120.jpg	trash
trash/trash121.jpg	trash
trash/trash122.jpg	trash
trash/trash123.jpg	trash
trash/trash124.jpg	trash
trash/trash125.jpg	trash
trash/trash126.jpg	trash
trash/trash127.jpg	trash
trash/trash128.jpg	trash
trash/trash129.jpg	trash
trash/trash13.jpg	trash
trash/trash130.jpg	trash
trash/trash131.jpg	trash
trash/trash132.jpg	trash
trash/trash133.jpg	trash
trash/trash134.jpg	trash
trash/trash135.jpg	trash
trash/trash136.jpg	trash
trash/trash137.jpg	trash
trash/trash14.jpg	trash
trash/trash15.jpg	trash
trash/trash16.jpg	trash
trash/trash17.jpg	trash
trash/trash18.jpg	trash
trash/trash19.jpg	trash
trash/trash2.jpg	trash
trash/trash20.jpg	trash
trash/trash21.jpg	trash
trash/trash22.jpg	trash
trash/trash23.jpg	trash
trash/trash24.jpg	trash
trash/trash25.jpg	trash
trash/trash26.jpg	trash
trash/trash27.jpg	trash
trash/trash28.jpg	trash
trash/trash29.jpg	trash
trash/trash3.jpg	trash
trash/trash30.jpg	trash
trash/trash31.jpg	trash
trash/trash32.jpg	trash
trash/trash33.jpg	trash
trash/trash34.jpg	trash
trash/trash35.jpg	trash
trash/trash36.jpg	trash
trash/trash37.jpg	trash
trash/trash38.jpg	trash
trash/trash39.jpg	trash
trash/trash4.jpg	trash
trash/trash40.jpg	trash
trash/trash41.jpg	trash
trash/trash42.jpg	trash
trash/trash43.jpg	trash
trash/trash44.jpg	trash
trash/trash45.jpg	trash
trash/trash46.jpg	trash
trash/trash47.jpg	trash
trash/trash48.jpg	trash
trash/trash49.jpg	trash
trash/trash5.jpg	trash
trash/trash50.jpg	trash
trash/trash51.jpg	trash
trash/trash52.jpg	trash
trash/trash53.jpg	trash
trash/trash54.jpg	trash
trash/trash55.jpg	trash
trash/trash56.jpg	trash
trash/trash57.jpg	trash
trash/trash58.jpg	trash
trash/trash59.jpg	trash
trash/trash6.jpg	trash
trash/trash60.jpg	trash
trash/trash61.jpg	trash
trash/trash62.jpg	trash
trash/trash63.jpg	trash
trash/trash64.jpg	trash
trash/trash65.jpg	trash
trash/trash66.jpg	trash
trash/trash67.jpg	trash
trash/trash68.jpg	trash
trash/trash69.jpg	trash
trash/trash7.jpg	trash
trash/trash70.jpg	trash
trash/trash71.jpg	trash
trash/trash72.jpg	trash
trash/trash73.jpg	trash
trash/trash74.jpg	trash
trash/trash75.jpg	trash
trash/trash76.jpg	trash
trash/trash77.jpg	trash
trash/trash78.jpg	trash
trash/trash79.jpg	trash
trash/trash8.jpg	trash
trash/trash80.jpg	trash
trash/trash81.jpg	trash
trash/trash82.jpg	trash
trash/trash83.jpg	trash
trash/trash84.jpg	trash
trash/trash85.jpg	trash
trash/trash86.jpg	trash
trash/trash87.jpg	trash
trash/trash88.jpg	trash
trash/trash89.jpg	trash
trash/trash9.jpg	trash
trash/trash90.jpg	trash
trash/trash91.jpg	trash
trash/trash92.jpg	trash
trash/trash93.jpg	trash
trash/trash94.jpg	trash
trash/trash95.jpg	trash
trash/trash96.jpg	trash
trash/trash97.jpg	trash
trash/trash98.jpg	trash
trash/trash99.jpg	trash
